episode,episode_id,reward,pnl,n_steps,epsilon
1,20200226,-16946.560939548763,-1217641.0,4460,0.800000011920929
